{"cameraMode":{"drawMode":0,"name":"Shaded","section":"Shading Mode"},"sceneLighting":false,"audioPlay":false,"sceneViewState":{"m_AlwaysRefresh":false,"showFog":true,"showSkybox":false,"showFlares":true,"showImageEffects":true,"showParticleSystems":true,"showVisualEffectGraphs":true,"m_FxEnabled":true},"in2DMode":false,"pivot":{"x":4.3976826667785648,"y":1.3709746599197388,"z":-0.7307571768760681},"rotation":{"x":0.26121804118156435,"y":-0.6845341920852661,"z":0.29054486751556399,"w":0.6154382228851318},"size":1.8900270462036133,"orthographic":false}