{"cameraMode":{"drawMode":0,"name":"Shaded","section":"Shading Mode"},"sceneLighting":false,"audioPlay":false,"sceneViewState":{"m_AlwaysRefresh":false,"showFog":true,"showSkybox":false,"showFlares":true,"showImageEffects":true,"showParticleSystems":true,"showVisualEffectGraphs":true,"m_FxEnabled":true},"in2DMode":false,"pivot":{"x":-52.98596954345703,"y":7.476111888885498,"z":137.80833435058595},"rotation":{"x":-0.6903740763664246,"y":-0.0026013257447630169,"z":0.002478579757735133,"w":-0.7234591245651245},"size":11.969819068908692,"orthographic":false}